captcha_0001.jpg,6771
captcha_0002.jpg,7464
captcha_0003.jpg,5089
captcha_0004.jpg,0211
captcha_0005.jpg,9561
captcha_0006.jpg,9003
captcha_0007.jpg,4697
captcha_0008.jpg,2317
captcha_0009.jpg,8110
captcha_0010.jpg,2340
captcha_0011.jpg,4702
captcha_0012.jpg,7867
captcha_0013.jpg,7259
captcha_0014.jpg,7355
captcha_0015.jpg,5314
captcha_0016.jpg,1329
captcha_0017.jpg,0914
captcha_0018.jpg,7255
captcha_0019.jpg,4583
captcha_0020.jpg,1029
captcha_0021.jpg,9193
captcha_0022.jpg,1759
captcha_0023.jpg,6190
captcha_0024.jpg,3222
captcha_0025.jpg,4150
captcha_0026.jpg,7868
captcha_0027.jpg,9623
captcha_0028.jpg,2425
captcha_0029.jpg,7721
captcha_0030.jpg,1228
captcha_0031.jpg,5350
captcha_0032.jpg,5840
captcha_0033.jpg,3176
captcha_0034.jpg,2360
captcha_0035.jpg,9327
captcha_0036.jpg,5476
captcha_0037.jpg,9387
captcha_0038.jpg,3761
captcha_0039.jpg,5757
captcha_0040.jpg,0212
captcha_0041.jpg,6685
captcha_0042.jpg,7536
captcha_0043.jpg,5842
captcha_0044.jpg,4996
captcha_0045.jpg,1958
captcha_0046.jpg,6060
captcha_0047.jpg,6806
captcha_0048.jpg,3545
captcha_0049.jpg,3252
captcha_0050.jpg,3875
captcha_0051.jpg,9732
captcha_0052.jpg,3655
captcha_0053.jpg,9980
captcha_0054.jpg,6462
captcha_0055.jpg,9946
captcha_0056.jpg,5220
captcha_0057.jpg,2380
captcha_0058.jpg,2094
captcha_0059.jpg,0354
captcha_0060.jpg,7986
captcha_0061.jpg,1765
captcha_0062.jpg,4182
captcha_0063.jpg,2837
captcha_0064.jpg,5807
captcha_0065.jpg,8081
captcha_0066.jpg,8214
captcha_0067.jpg,0459
captcha_0068.jpg,2329
captcha_0069.jpg,6948
captcha_0070.jpg,3738
captcha_0071.jpg,7571
captcha_0072.jpg,6200
captcha_0073.jpg,9398
captcha_0074.jpg,1366
captcha_0075.jpg,8748
captcha_0076.jpg,4734
captcha_0077.jpg,1898
captcha_0078.jpg,1221
captcha_0079.jpg,2980
captcha_0080.jpg,9028
captcha_0081.jpg,5414
captcha_0082.jpg,7513
captcha_0083.jpg,6801
captcha_0084.jpg,7040
captcha_0085.jpg,1091
captcha_0086.jpg,6790
captcha_0087.jpg,5982
captcha_0088.jpg,5587
captcha_0089.jpg,3660
captcha_0090.jpg,9654
captcha_0091.jpg,6208
captcha_0092.jpg,7495
captcha_0093.jpg,2685
captcha_0094.jpg,7809
captcha_0095.jpg,9865
captcha_0096.jpg,8040
captcha_0097.jpg,7869
captcha_0098.jpg,6017
captcha_0099.jpg,3804
captcha_0100.jpg,1752
captcha_0101.jpg,9829
captcha_0102.jpg,9291
captcha_0103.jpg,0063
captcha_0104.jpg,2630
captcha_0105.jpg,1155
captcha_0106.jpg,3445
captcha_0107.jpg,1346
captcha_0108.jpg,4073
captcha_0109.jpg,8975
captcha_0110.jpg,0709
captcha_0111.jpg,5264
captcha_0112.jpg,5851
captcha_0113.jpg,3980
captcha_0114.jpg,0163
captcha_0115.jpg,0747
captcha_0116.jpg,4932
captcha_0117.jpg,8454
captcha_0118.jpg,1237
captcha_0119.jpg,9673
captcha_0120.jpg,5352
captcha_0121.jpg,9360
captcha_0122.jpg,3363
captcha_0123.jpg,5218
captcha_0124.jpg,0824
captcha_0125.jpg,6064
captcha_0126.jpg,7591
captcha_0127.jpg,8752
captcha_0128.jpg,3487
captcha_0129.jpg,5329
captcha_0130.jpg,9272
captcha_0131.jpg,0655
captcha_0132.jpg,5578
captcha_0133.jpg,0952
captcha_0134.jpg,5676
captcha_0135.jpg,0294
captcha_0136.jpg,8672
captcha_0137.jpg,6627
captcha_0138.jpg,7821
captcha_0139.jpg,2012
captcha_0140.jpg,9347
captcha_0141.jpg,4435
captcha_0142.jpg,2398
captcha_0143.jpg,8312
captcha_0144.jpg,8040
captcha_0145.jpg,5968
captcha_0146.jpg,0959
captcha_0147.jpg,0108
captcha_0148.jpg,4750
captcha_0149.jpg,2178
captcha_0150.jpg,7386
captcha_0151.jpg,6664
captcha_0152.jpg,0873
captcha_0153.jpg,3866
captcha_0154.jpg,5656
captcha_0155.jpg,0115
captcha_0156.jpg,2312
captcha_0157.jpg,9165
captcha_0158.jpg,6948
captcha_0159.jpg,8568
captcha_0160.jpg,2704
captcha_0161.jpg,4083
captcha_0162.jpg,7211
captcha_0163.jpg,1373
captcha_0164.jpg,4160
captcha_0165.jpg,9429
captcha_0166.jpg,1618
captcha_0167.jpg,7763
captcha_0168.jpg,6642
captcha_0169.jpg,4010
captcha_0170.jpg,9847
captcha_0171.jpg,1912
captcha_0172.jpg,1388
captcha_0173.jpg,7651
captcha_0174.jpg,3418
captcha_0175.jpg,5117
captcha_0176.jpg,9384
captcha_0177.jpg,1121
captcha_0178.jpg,3662
captcha_0179.jpg,0294
captcha_0180.jpg,0160
captcha_0181.jpg,0866
captcha_0182.jpg,6390
captcha_0183.jpg,6015
captcha_0184.jpg,4639
captcha_0185.jpg,6449
captcha_0186.jpg,8194
captcha_0187.jpg,5260
captcha_0188.jpg,1599
captcha_0189.jpg,5365
captcha_0190.jpg,3845
captcha_0191.jpg,6086
captcha_0192.jpg,5376
captcha_0193.jpg,2795
captcha_0194.jpg,2649
captcha_0195.jpg,7431
captcha_0196.jpg,6725
captcha_0197.jpg,8803
captcha_0198.jpg,6094
captcha_0199.jpg,8609
captcha_0200.jpg,1462
